<toolSet name="External Tools">
  <tool name="pylint" description="lints all the changed files!" showInMainMenu="false" showInEditor="false" showInProject="false" showInSearchPopup="false" disabled="false" useConsole="true" showConsoleOnStdOut="true" showConsoleOnStdErr="false" synchronizeAfterRun="true">
    <exec>
      <option name="COMMAND" value="$USER_HOME$/Development/api/scripts/lint_changes.py" />
      <option name="PARAMETERS" />
      <option name="WORKING_DIRECTORY" value="$USER_HOME$/Development/api/" />
    </exec>
  </tool>
  <tool name="linter" description="pylint" showInMainMenu="false" showInEditor="false" showInProject="false" showInSearchPopup="false" disabled="false" useConsole="true" showConsoleOnStdOut="false" showConsoleOnStdErr="false" synchronizeAfterRun="true">
    <exec>
      <option name="COMMAND" value="$USER_HOME$/Development/api/scripts/lint_changes.py" />
      <option name="PARAMETERS" />
      <option name="WORKING_DIRECTORY" value="$USER_HOME$/Development/api/scripts" />
    </exec>
  </tool>
</toolSet>