<application>
  <component name="ProjectManager">
    <defaultProject>
      <component name="DefaultGradleProjectSettings">
        <option name="isMigrated" value="true" />
      </component>
      <component name="GradleLocalSettings">
        <option name="projectSyncType">
          <map>
            <entry key="$USER_HOME$/Development/kotlin_demo/demo" value="PREVIEW" />
            <entry key="$USER_HOME$/Development/kronos" value="PREVIEW" />
            <entry key="$USER_HOME$/Development/kronos/subscriptions" value="PREVIEW" />
          </map>
        </option>
      </component>
      <component name="PropertiesComponent">
        <property name="nodejs_interpreter_path.stuck_in_default_project" value="undefined stuck path" />
        <property name="nodejs_npm_path_reset_for_default_project" value="true" />
      </component>
      <component name="masterDetails">
        <states>
          <state key="ProjectJDKs.UI">
            <settings>
              <last-edited>11</last-edited>
              <splitter-proportions>
                <option name="proportions">
                  <list>
                    <option value="0.2" />
                  </list>
                </option>
              </splitter-proportions>
            </settings>
          </state>
        </states>
      </component>
    </defaultProject>
  </component>
</application>