<application>
  <component name="TextMateSettings">
    <option name="bundles">
      <list>
        <BundleConfigBean>
          <option name="name" value="Python" />
          <option name="path" value="$USER_HOME$/Development/python.tmbundle-master" />
        </BundleConfigBean>
      </list>
    </option>
    <option name="themesMapping">
      <map>
        <entry key="Monokai PBO" value="Mac Classic" />
        <entry key="One dark" value="Mac Classic" />
        <entry key="_@user_All hallow's eve" value="Mac Classic" />
        <entry key="_@user_Blackboard" value="Mac Classic" />
        <entry key="_@user_Cobalt" value="Mac Classic" />
        <entry key="_@user_Darcula" value="Mac Classic" />
        <entry key="_@user_Default" value="Mac Classic" />
        <entry key="_@user_Monokai" value="Mac Classic" />
        <entry key="_@user_Railscasts" value="Mac Classic" />
        <entry key="_@user_Twilight" value="Mac Classic" />
        <entry key="_@user_VibrantInk" value="Mac Classic" />
        <entry key="_@user_WarmNeon" value="Mac Classic" />
      </map>
    </option>
  </component>
</application>