<keymap version="1" name="Mac OS X 10.5+ copy" parent="Mac OS X 10.5+">
  <action id="ActivateTerminalToolWindow">
    <keyboard-shortcut first-keystroke="alt f12" />
    <keyboard-shortcut first-keystroke="meta 8" />
  </action>
  <action id="ActivatenpmToolWindow">
    <keyboard-shortcut first-keystroke="meta semicolon" />
  </action>
  <action id="Annotate">
    <keyboard-shortcut first-keystroke="meta g" />
  </action>
  <action id="EditorSelectLine">
    <keyboard-shortcut first-keystroke="ctrl semicolon" />
  </action>
  <action id="EditorToggleShowWhitespaces">
    <keyboard-shortcut first-keystroke="meta 0" />
  </action>
  <action id="RunJsbtTask">
    <keyboard-shortcut first-keystroke="alt f11" />
    <keyboard-shortcut first-keystroke="shift meta semicolon" />
  </action>
  <action id="SearchEverywhere">
    <mouse-shortcut keystroke="control button1 doubleClick" />
    <keyboard-shortcut first-keystroke="shift meta alt s" />
  </action>
  <action id="SwitchApply">
    <keyboard-shortcut first-keystroke="ctrl alt enter" />
  </action>
  <action id="SwitchDown">
    <keyboard-shortcut first-keystroke="ctrl alt down" />
  </action>
  <action id="SwitchLeft">
    <keyboard-shortcut first-keystroke="ctrl alt left" />
  </action>
  <action id="SwitchRight">
    <keyboard-shortcut first-keystroke="ctrl alt right" />
  </action>
  <action id="SwitchUp">
    <keyboard-shortcut first-keystroke="ctrl alt up" />
  </action>
  <action id="ToolWindowsGroup">
    <keyboard-shortcut first-keystroke="meta back_slash" />
  </action>
</keymap>