<application>
  <component name="FileTypeManager" version="17">
    <ignoreFiles list="*$py.class;*.hprof;*.pyc;*.pyo;*.rbc;*.yarb;*~;.DS_Store;.git;.hg;.svn;CVS;__pycache__;_svn;vssver.scc;vssver2.scc;" />
    <extensionMap>
      <mapping pattern="run_local_tests" type="Bash" />
      <mapping pattern="run_tests_locally" type="Bash" />
      <mapping pattern="deploy" type="PLAIN_TEXT" />
      <mapping pattern="migrate_db" type="PLAIN_TEXT" />
      <mapping pattern="pylintrc" type="PLAIN_TEXT" />
      <mapping pattern="shell" type="PLAIN_TEXT" />
      <mapping pattern="run_tests" type="PLAIN_TEXT" />
      <mapping pattern="load_int_enums" type="PLAIN_TEXT" />
      <mapping pattern="pre-commit" type="PLAIN_TEXT" />
      <mapping pattern="Makefile" type="PLAIN_TEXT" />
      <mapping pattern="install" type="PLAIN_TEXT" />
      <mapping ext="out" type="PLAIN_TEXT" />
    </extensionMap>
  </component>
</application>