<application>
  <component name="ProjectJdkTable">
    <jdk version="2">
      <name value="Python 2.7" />
      <type value="Python SDK" />
      <version value="Python 2.7.10" />
      <homePath value="/usr/bin/python2.7" />
      <roots>
        <classPath>
          <root type="composite">
            <root url="file:///System/Library/Frameworks/Python.framework/Versions/2.7/lib/python2.7" type="simple" />
            <root url="file:///System/Library/Frameworks/Python.framework/Versions/2.7/lib/python2.7/plat-darwin" type="simple" />
            <root url="file:///System/Library/Frameworks/Python.framework/Versions/2.7/lib/python2.7/plat-mac" type="simple" />
            <root url="file:///System/Library/Frameworks/Python.framework/Versions/2.7/lib/python2.7/plat-mac/lib-scriptpackages" type="simple" />
            <root url="file:///System/Library/Frameworks/Python.framework/Versions/2.7/lib/python2.7/lib-tk" type="simple" />
            <root url="file:///System/Library/Frameworks/Python.framework/Versions/2.7/lib/python2.7/lib-dynload" type="simple" />
            <root url="file://$USER_HOME$/Library/Python/2.7/lib/python/site-packages" type="simple" />
            <root url="file:///Library/Python/2.7/site-packages" type="simple" />
            <root url="file:///System/Library/Frameworks/Python.framework/Versions/2.7/Extras/lib/python" type="simple" />
            <root url="file:///System/Library/Frameworks/Python.framework/Versions/2.7/Extras/lib/python/PyObjC" type="simple" />
            <root url="file://$USER_HOME$/Library/Caches/PyCharm2019.1/python_stubs/-1247972723" type="simple" />
            <root url="file://$APPLICATION_HOME_DIR$/helpers/python-skeletons" type="simple" />
            <root url="file://$APPLICATION_HOME_DIR$/helpers/typeshed/stdlib/2" type="simple" />
            <root url="file://$APPLICATION_HOME_DIR$/helpers/typeshed/stdlib/2and3" type="simple" />
            <root url="file://$APPLICATION_HOME_DIR$/helpers/typeshed/third_party/2" type="simple" />
            <root url="file://$APPLICATION_HOME_DIR$/helpers/typeshed/third_party/2and3" type="simple" />
          </root>
        </classPath>
        <sourcePath>
          <root type="composite" />
        </sourcePath>
      </roots>
      <additional />
    </jdk>
    <jdk version="2">
      <name value="api" />
      <type value="Python SDK" />
      <version value="Python 2.7.12" />
      <homePath value="docker-compose://[/Users/braddettmer/Development/api/docker-compose.yml]:api/python" />
      <roots>
        <classPath>
          <root type="composite">
            <root url="file://$USER_HOME$/Library/Caches/PyCharm2019.1/remote_sources/1522396959/201544331" type="simple" />
            <root url="file://$USER_HOME$/Library/Caches/PyCharm2019.1/remote_sources/1522396959/724150857" type="simple" />
            <root url="file://$USER_HOME$/Library/Caches/PyCharm2019.1/remote_sources/1522396959/-154863933" type="simple" />
            <root url="file://$USER_HOME$/Library/Caches/PyCharm2019.1/remote_sources/1522396959/-1227933812" type="simple" />
            <root url="jar://$USER_HOME$/Library/Caches/PyCharm2019.1/remote_sources/1522396959/peloton-0.0.1-py2.7-linux-x86_64.egg!/" type="simple" />
            <root url="file://$USER_HOME$/Library/Caches/PyCharm2019.1/remote_sources/1522396959/-497732817" type="simple" />
            <root url="file://$USER_HOME$/Library/Caches/PyCharm2019.1/remote_sources/1522396959/-125940560" type="simple" />
            <root url="file://$USER_HOME$/Library/Caches/PyCharm2019.1/python_stubs/1522396959" type="simple" />
            <root url="file://$APPLICATION_HOME_DIR$/helpers/python-skeletons" type="simple" />
            <root url="file://$APPLICATION_HOME_DIR$/helpers/typeshed/stdlib/2" type="simple" />
            <root url="file://$APPLICATION_HOME_DIR$/helpers/typeshed/stdlib/2and3" type="simple" />
            <root url="file://$APPLICATION_HOME_DIR$/helpers/typeshed/third_party/2" type="simple" />
            <root url="file://$APPLICATION_HOME_DIR$/helpers/typeshed/third_party/2and3" type="simple" />
          </root>
        </classPath>
        <sourcePath>
          <root type="composite" />
        </sourcePath>
      </roots>
      <additional DOCKER_ACCOUNT_NAME="Docker3" DOCKER_COMPOSE_SERVICE_NAME="api" DOCKER_REMOTE_PROJECT_PATH="/opt/project" INTERPRETER_PATH="python" HELPERS_PATH="/opt/.pycharm_helpers" INITIALIZED="false" VALID="true" RUN_AS_ROOT_VIA_SUDO="false" SKELETONS_PATH="" VERSION="">
        <dockerComposeConfigurationPaths>
          <item value="$USER_HOME$/Development/api/docker-compose.yml" />
        </dockerComposeConfigurationPaths>
        <envs />
        <PathMappingSettings>
          <option name="pathMappings">
            <list>
              <mapping local-root="$USER_HOME$/Library/Caches/PyCharm2019.1/remote_sources/1522396959/201544331" remote-root="/usr/lib/python2.7" />
              <mapping local-root="$USER_HOME$/Library/Caches/PyCharm2019.1/remote_sources/1522396959/724150857" remote-root="/usr/lib/python2.7/plat-x86_64-linux-gnu" />
              <mapping local-root="$USER_HOME$/Library/Caches/PyCharm2019.1/remote_sources/1522396959/-154863933" remote-root="/usr/lib/python2.7/lib-tk" />
              <mapping local-root="$USER_HOME$/Library/Caches/PyCharm2019.1/remote_sources/1522396959/-1227933812" remote-root="/usr/local/lib/python2.7/dist-packages" />
              <mapping local-root="$USER_HOME$/Library/Caches/PyCharm2019.1/remote_sources/1522396959/-81125341" remote-root="/var/peloton/api/package_source/monitoring" />
              <mapping local-root="$USER_HOME$/Library/Caches/PyCharm2019.1/remote_sources/1522396959/-723352348" remote-root="/var/peloton/api/package_source/event_log" />
              <mapping local-root="$USER_HOME$/Library/Caches/PyCharm2019.1/remote_sources/1522396959/-263750508" remote-root="/var/peloton/api/package_source/request" />
              <mapping local-root="$USER_HOME$/Library/Caches/PyCharm2019.1/remote_sources/1522396959/-1640762826" remote-root="/var/peloton/api/package_source/translation" />
              <mapping local-root="$USER_HOME$/Library/Caches/PyCharm2019.1/remote_sources/1522396959/peloton-0.0.1-py2.7-linux-x86_64.egg" remote-root="/usr/local/lib/python2.7/dist-packages/peloton-0.0.1-py2.7-linux-x86_64.egg" />
              <mapping local-root="$USER_HOME$/Library/Caches/PyCharm2019.1/remote_sources/1522396959/-497732817" remote-root="/var/peloton/api" />
              <mapping local-root="$USER_HOME$/Library/Caches/PyCharm2019.1/remote_sources/1522396959/-125940560" remote-root="/usr/lib/python2.7/dist-packages" />
            </list>
          </option>
        </PathMappingSettings>
      </additional>
    </jdk>
    <jdk version="2">
      <name value="api_cms" />
      <type value="Python SDK" />
      <version value="Python 2.7.12" />
      <homePath value="docker-compose://[/Users/braddettmer/Development/api/docker-compose.yml]:api_cms/python" />
      <roots>
        <classPath>
          <root type="composite">
            <root url="file://$USER_HOME$/Library/Caches/PyCharm2019.1/remote_sources/1094100309/201544331" type="simple" />
            <root url="file://$USER_HOME$/Library/Caches/PyCharm2019.1/remote_sources/1094100309/724150857" type="simple" />
            <root url="file://$USER_HOME$/Library/Caches/PyCharm2019.1/remote_sources/1094100309/-154863933" type="simple" />
            <root url="file://$USER_HOME$/Library/Caches/PyCharm2019.1/remote_sources/1094100309/-1227933812" type="simple" />
            <root url="jar://$USER_HOME$/Library/Caches/PyCharm2019.1/remote_sources/1094100309/peloton-0.0.1-py2.7-linux-x86_64.egg!/" type="simple" />
            <root url="file://$USER_HOME$/Library/Caches/PyCharm2019.1/remote_sources/1094100309/-497732817" type="simple" />
            <root url="file://$USER_HOME$/Library/Caches/PyCharm2019.1/remote_sources/1094100309/-125940560" type="simple" />
            <root url="file://$USER_HOME$/Library/Caches/PyCharm2019.1/python_stubs/1094100309" type="simple" />
            <root url="file://$APPLICATION_HOME_DIR$/helpers/python-skeletons" type="simple" />
            <root url="file://$APPLICATION_HOME_DIR$/helpers/typeshed/stdlib/2" type="simple" />
            <root url="file://$APPLICATION_HOME_DIR$/helpers/typeshed/stdlib/2and3" type="simple" />
            <root url="file://$APPLICATION_HOME_DIR$/helpers/typeshed/third_party/2" type="simple" />
            <root url="file://$APPLICATION_HOME_DIR$/helpers/typeshed/third_party/2and3" type="simple" />
          </root>
        </classPath>
        <sourcePath>
          <root type="composite" />
        </sourcePath>
      </roots>
      <additional DOCKER_ACCOUNT_NAME="Docker" DOCKER_COMPOSE_SERVICE_NAME="api_cms" DOCKER_REMOTE_PROJECT_PATH="/opt/project" INTERPRETER_PATH="python" HELPERS_PATH="/opt/.pycharm_helpers" INITIALIZED="false" VALID="true" RUN_AS_ROOT_VIA_SUDO="false" SKELETONS_PATH="" VERSION="">
        <dockerComposeConfigurationPaths>
          <item value="$USER_HOME$/Development/api/docker-compose.yml" />
        </dockerComposeConfigurationPaths>
        <envs />
        <PathMappingSettings>
          <option name="pathMappings">
            <list>
              <mapping local-root="$USER_HOME$/Library/Caches/PyCharm2019.1/remote_sources/1094100309/201544331" remote-root="/usr/lib/python2.7" />
              <mapping local-root="$USER_HOME$/Library/Caches/PyCharm2019.1/remote_sources/1094100309/724150857" remote-root="/usr/lib/python2.7/plat-x86_64-linux-gnu" />
              <mapping local-root="$USER_HOME$/Library/Caches/PyCharm2019.1/remote_sources/1094100309/-154863933" remote-root="/usr/lib/python2.7/lib-tk" />
              <mapping local-root="$USER_HOME$/Library/Caches/PyCharm2019.1/remote_sources/1094100309/-1227933812" remote-root="/usr/local/lib/python2.7/dist-packages" />
              <mapping local-root="$USER_HOME$/Library/Caches/PyCharm2019.1/remote_sources/1094100309/-81125341" remote-root="/var/peloton/api/package_source/monitoring" />
              <mapping local-root="$USER_HOME$/Library/Caches/PyCharm2019.1/remote_sources/1094100309/-723352348" remote-root="/var/peloton/api/package_source/event_log" />
              <mapping local-root="$USER_HOME$/Library/Caches/PyCharm2019.1/remote_sources/1094100309/-263750508" remote-root="/var/peloton/api/package_source/request" />
              <mapping local-root="$USER_HOME$/Library/Caches/PyCharm2019.1/remote_sources/1094100309/-1640762826" remote-root="/var/peloton/api/package_source/translation" />
              <mapping local-root="$USER_HOME$/Library/Caches/PyCharm2019.1/remote_sources/1094100309/peloton-0.0.1-py2.7-linux-x86_64.egg" remote-root="/usr/local/lib/python2.7/dist-packages/peloton-0.0.1-py2.7-linux-x86_64.egg" />
              <mapping local-root="$USER_HOME$/Library/Caches/PyCharm2019.1/remote_sources/1094100309/-497732817" remote-root="/var/peloton/api" />
              <mapping local-root="$USER_HOME$/Library/Caches/PyCharm2019.1/remote_sources/1094100309/-125940560" remote-root="/usr/lib/python2.7/dist-packages" />
            </list>
          </option>
        </PathMappingSettings>
      </additional>
    </jdk>
    <jdk version="2">
      <name value="Pipenv (PeloPR)" />
      <type value="Python SDK" />
      <version value="Python 3.7.4" />
      <homePath value="$USER_HOME$/.local/share/virtualenvs/PeloPR-5Ispibip/bin/python" />
      <roots>
        <classPath>
          <root type="composite">
            <root url="file://$USER_HOME$/.local/share/virtualenvs/PeloPR-5Ispibip/lib/python3.7" type="simple" />
            <root url="file://$USER_HOME$/.local/share/virtualenvs/PeloPR-5Ispibip/lib/python3.7/lib-dynload" type="simple" />
            <root url="file:///usr/local/Cellar/python/3.7.4/Frameworks/Python.framework/Versions/3.7/lib/python3.7" type="simple" />
            <root url="file://$USER_HOME$/.local/share/virtualenvs/PeloPR-5Ispibip/lib/python3.7/site-packages" type="simple" />
            <root url="file://$USER_HOME$/Library/Caches/PyCharm2019.1/python_stubs/1718537328" type="simple" />
            <root url="file://$APPLICATION_HOME_DIR$/helpers/python-skeletons" type="simple" />
            <root url="file://$APPLICATION_HOME_DIR$/helpers/typeshed/stdlib/3" type="simple" />
            <root url="file://$APPLICATION_HOME_DIR$/helpers/typeshed/stdlib/2and3" type="simple" />
            <root url="file://$APPLICATION_HOME_DIR$/helpers/typeshed/third_party/3" type="simple" />
            <root url="file://$APPLICATION_HOME_DIR$/helpers/typeshed/third_party/2and3" type="simple" />
          </root>
        </classPath>
        <sourcePath>
          <root type="composite" />
        </sourcePath>
      </roots>
      <additional ASSOCIATED_PROJECT_PATH="$USER_HOME$/Development/PeloPR" IS_PIPENV="true" />
    </jdk>
    <jdk version="2">
      <name value="mochi docker" />
      <type value="Python SDK" />
      <version value="Python 3.7.5" />
      <homePath value="docker-compose://[/Users/braddettmer/Development/mochi/docker-compose.yml]:api//home/mochi/.local/share/virtualenvs/mochi-8rsKKfLK/bin/python3.7m" />
      <roots>
        <classPath>
          <root type="composite">
            <root url="file://$USER_HOME$/Library/Caches/PyCharm2019.1/remote_sources/-379314858/1302077441" type="simple" />
            <root url="file://$USER_HOME$/Library/Caches/PyCharm2019.1/remote_sources/-379314858/-906497232" type="simple" />
            <root url="file://$USER_HOME$/Library/Caches/PyCharm2019.1/remote_sources/-379314858/249573928" type="simple" />
            <root url="file://$USER_HOME$/Library/Caches/PyCharm2019.1/remote_sources/-379314858/-2037720044" type="simple" />
            <root url="file://$USER_HOME$/Library/Caches/PyCharm2019.1/python_stubs/-379314858" type="simple" />
            <root url="file://$APPLICATION_HOME_DIR$/helpers/python-skeletons" type="simple" />
            <root url="file://$APPLICATION_HOME_DIR$/helpers/typeshed/stdlib/3" type="simple" />
            <root url="file://$APPLICATION_HOME_DIR$/helpers/typeshed/stdlib/2and3" type="simple" />
            <root url="file://$APPLICATION_HOME_DIR$/helpers/typeshed/third_party/3" type="simple" />
            <root url="file://$APPLICATION_HOME_DIR$/helpers/typeshed/third_party/2and3" type="simple" />
          </root>
        </classPath>
        <sourcePath>
          <root type="composite" />
        </sourcePath>
      </roots>
      <additional DOCKER_ACCOUNT_NAME="Docker4" DOCKER_COMPOSE_SERVICE_NAME="api" DOCKER_REMOTE_PROJECT_PATH="/opt/project" INTERPRETER_PATH="/home/mochi/.local/share/virtualenvs/mochi-8rsKKfLK/bin/python3.7m" HELPERS_PATH="/opt/.pycharm_helpers" INITIALIZED="false" VALID="true" RUN_AS_ROOT_VIA_SUDO="false" SKELETONS_PATH="" VERSION="Python 3.7.5">
        <dockerComposeConfigurationPaths>
          <item value="$USER_HOME$/Development/mochi/docker-compose.yml" />
        </dockerComposeConfigurationPaths>
        <envs />
        <PathMappingSettings>
          <option name="pathMappings">
            <list>
              <mapping local-root="$USER_HOME$/Library/Caches/PyCharm2019.1/remote_sources/-379314858/1302077441" remote-root="/home/mochi" />
              <mapping local-root="$USER_HOME$/Library/Caches/PyCharm2019.1/remote_sources/-379314858/-906497232" remote-root="/home/mochi/.local/share/virtualenvs/mochi-8rsKKfLK/lib/python3.7" />
              <mapping local-root="$USER_HOME$/Library/Caches/PyCharm2019.1/remote_sources/-379314858/249573928" remote-root="/usr/local/lib/python3.7" />
              <mapping local-root="$USER_HOME$/Library/Caches/PyCharm2019.1/remote_sources/-379314858/-2037720044" remote-root="/home/mochi/.local/share/virtualenvs/mochi-8rsKKfLK/lib/python3.7/site-packages" />
            </list>
          </option>
        </PathMappingSettings>
      </additional>
    </jdk>
  </component>
</application>