<application>
  <component name="RemoteServers">
    <remote-server name="Docker" type="docker">
      <configuration>
        <option name="apiUrl" value="unix:///var/run/docker.sock" />
        <option name="certificatesPath" />
      </configuration>
    </remote-server>
    <remote-server name="Docker2" type="docker">
      <configuration>
        <option name="apiUrl" value="unix:///var/run/docker.sock" />
        <option name="certificatesPath" />
        <option name="pathMappings">
          <list>
            <DockerPathMappingImpl>
              <option name="localPath" value="$USER_HOME$/Development/api" />
              <option name="virtualMachinePath" value="/var/peloton/api" />
            </DockerPathMappingImpl>
          </list>
        </option>
      </configuration>
    </remote-server>
    <remote-server name="Docker3" type="docker">
      <configuration>
        <option name="apiUrl" value="unix:///var/run/docker.sock" />
        <option name="certificatesPath" />
        <option name="pathMappings">
          <list>
            <DockerPathMappingImpl>
              <option name="localPath" value="$USER_HOME$/Development/api" />
              <option name="virtualMachinePath" value="/var/peloton/api" />
            </DockerPathMappingImpl>
          </list>
        </option>
      </configuration>
    </remote-server>
    <remote-server name="Docker4" type="docker">
      <configuration>
        <option name="apiUrl" value="unix:///var/run/docker.sock" />
        <option name="certificatesPath" />
        <option name="pathMappings">
          <list>
            <DockerPathMappingImpl>
              <option name="localPath" value="$USER_HOME$/Development/mochi" />
              <option name="virtualMachinePath" value="/home/mochi" />
            </DockerPathMappingImpl>
          </list>
        </option>
      </configuration>
    </remote-server>
    <remote-server name="Docker5" type="docker">
      <configuration>
        <option name="apiUrl" value="unix:///var/run/docker.sock" />
        <option name="certificatesPath" />
        <option name="pathMappings">
          <list>
            <DockerPathMappingImpl>
              <option name="localPath" value="/Users" />
              <option name="virtualMachinePath" value="/Users" />
            </DockerPathMappingImpl>
            <DockerPathMappingImpl>
              <option name="localPath" value="$USER_HOME$/Development/mochi" />
              <option name="virtualMachinePath" value="/home/mochi" />
            </DockerPathMappingImpl>
          </list>
        </option>
      </configuration>
    </remote-server>
  </component>
</application>