<keymap version="1" name="Mac OS X 10.5+ copy" parent="Mac OS X 10.5+">
  <action id="ChangesView.AddUnversioned" />
  <action id="Diagram.DeselectAll" />
  <action id="SearchEverywhere">
    <keyboard-shortcut first-keystroke="shift meta alt s" />
  </action>
  <action id="TemplateProjectProperties">
    <keyboard-shortcut first-keystroke="meta alt a" second-keystroke="meta alt z" />
  </action>
  <action id="performancePlugin.ShowMemoryDialogAction">
    <keyboard-shortcut first-keystroke="shift meta i" />
  </action>
</keymap>